frase;situacao
sinto uma dor forte no peito e falta de ar;alto risco
estou com uma pressão no peito que não passa;alto risco
tive uma dor no peito que foi pro braço esquerdo;alto risco
comecei a suar frio e meu peito ficou apertado;alto risco
estou com falta de ar mesmo parado e uma dor no peito;alto risco
senti uma baita dor no peito e fiquei muito tonto;alto risco
meu coração disparou do nada e quase desmaiei;alto risco
tô sentindo um aperto forte no peito junto com enjoo;alto risco
senti uma dor no peito depois de subir escada e fiquei sem ar;alto risco
minha pressão está muito alta e estou com dor no peito;alto risco
acordei com falta de ar forte e uma sensação de peso no peito;alto risco
senti o coração batendo muito irregular e fiquei fraco;alto risco
estou com dor no peito que vai para o ombro e braço;alto risco
tive uma tontura forte junto com palpitação e falta de ar;alto risco
comecei a suar frio, e sentir um dor no peito;alto risco
meu peito está apertando e parece que falta ar;alto risco
tô com uma dor forte no peito desde ontem e está piorando;alto risco
fiquei muito cansado de repente e comecei a sentir dor no peito;alto risco
senti uma queimação forte no peito acompanhada de falta de ar;alto risco
meu coração acelerou demais e senti que ia apagar;alto risco
sinto falta de ar quando faço esforço;medio risco
tenho tido palpitações de vez em quando;medio risco
meu coração dá umas batidas estranhas às vezes;medio risco
fico cansado rápido quando subo escadas;medio risco
tenho sentido um peso leve no peito quando caminho bastante;medio risco
sinto uma fisgada no peito de vez em quando;medio risco
às vezes meu coração dispara sem eu estar fazendo esforço;medio risco
tenho sentido um cansaço diferente nos últimos dias;medio risco
minha perna fica inchada no fim do dia;medio risco
sinto falta de ar quando deito;medio risco
tenho tido tontura leve junto com o coração acelerado;medio risco
fico ofegante com pouca atividade ultimamente;medio risco
sinto umas batidas fortes no peito quando fico nervoso;medio risco
tenho percebido que meu coração bate mais rápido à noite;medio risco
fico cansado e com falta de ar depois de caminhar alguns quarteirões;medio risco
tenho uma pressãozinha no peito quando faço exercício;medio risco
sinto o peito estranho e umas palpitações depois de tomar café;medio risco
às vezes fico meio tonto quando levanto rápido;baixo risco
tive um leve incômodo nas costas;baixo risco
senti uma fisgadinha rápida no peito e passou;baixo risco
meu coração acelerou um pouco depois de correr;baixo risco
tive uma dor muscular perto do peito depois de treinar;baixo risco
senti um desconforto leve nas costas depois de dormir torto;baixo risco
fiquei cansado depois de carregar algumas caixas;baixo risco
senti uma pequena pontada no peito que durou poucos segundos;baixo risco
tive uma palpitação rápida quando levei um susto;baixo risco
estou com um leve incômodo no ombro depois de fazer academia;baixo risco
me senti um pouco ofegante depois de subir vários lances de escada;baixo risco
senti uma batida mais forte do coração depois de tomar muito café;baixo risco
tive um desconforto leve no peito que melhorou quando parei de me exercitar;baixo risco
