Sintoma 1;Sintoma 2;Doença Associada
sem ar;fazer exercício;Insuficiência Cardíaca
dor bem forte no peito;braço esquerdo;Infarto do Miocárdio
coração começou a dar umas falhadas;bater muito rápido;Arritmia Cardíaca
aperto muito forte no peito;corro pra pegar o ônibus;Angina Estável
tornozelos ficam bem inchados;pernas ficam pesadas;Insuficiência Cardíaca
suor frio estranho;queimação no peito;Infarto do Miocárdio
dor muito forte na panturrilha;ando mais de dois quarteirões;Doença Arterial Periférica
tontura muito forte;visão escureceu;Hipotensão Ortostática
pontadas no peito;estando sentado;Angina Instável
batedeira no peito;fraqueza;Arritmia Cardíaca
falta de ar;deitar piora;Insuficiência Cardíaca
cansaço fora do normal;subir escada;Insuficiência Cardíaca
pernas inchadas;falta de ar à noite;Insuficiência Cardíaca
acordo sufocado de madrugada;preciso sentar na cama;Insuficiência Cardíaca
coração disparado;parece que vai sair pela boca;Taquicardia
pulso todo desregulado;batidas sem ritmo;Fibrilação Atrial
coração dá uns pulos;batida irregular;Fibrilação Atrial
batedeira do nada;começa e para sozinha;Taquicardia Paroxística
coração acelerado;suor e tremedeira;Taquicardia
palpitação;falta de ar leve;Arritmia Cardíaca
dor no peito;mandíbula doendo;Infarto do Miocárdio
dor no peito;dor nas costas;Infarto do Miocárdio
enjoo forte;aperto no peito;Infarto do Miocárdio
náusea estranha;cansaço repentino;Infarto do Miocárdio
dor na mandíbula;suor frio;Infarto do Miocárdio
dor nas costas;falta de ar;Infarto do Miocárdio
pressão no peito;fraqueza intensa;Infarto do Miocárdio
queimação forte;dor no braço;Infarto do Miocárdio
peso no peito;náusea;Infarto do Miocárdio
dor no peito;medo e suor frio;Infarto do Miocárdio
aperto no peito;vem quando caminho rápido;Angina Estável
dor no peito;melhora quando paro de andar;Angina Estável
pressão no peito;aparece quando faço esforço;Angina Estável
aperto no peito;passa depois de descansar;Angina Estável
dor no peito;acontece subindo ladeira;Angina Estável
peso no peito;surge quando corro;Angina Estável
queimação no peito;aparece fazendo esforço;Angina Estável
dor no peito;melhora quando fico parado;Angina Estável
aperto no peito;vem sempre quando faço esforço;Angina Estável
dor no peito;começou mesmo estando quieto;Angina Instável
pressão forte no peito;apareceu do nada;Angina Instável
dor no peito;ficou mais frequente;Angina Instável
aperto no peito;agora acontece mesmo descansando;Angina Instável
dor no peito;durou mais que o normal;Angina Instável
incômodo forte no peito;não melhora parado;Angina Instável
dor apertando;acordei com isso de madrugada;Angina Instável
pressão no peito;estou sentado e não passa;Angina Instável
dor no peito;ficou muito mais forte hoje;Angina Instável
falta de ar;pernas inchadas no fim do dia;Insuficiência Cardíaca
cansaço constante;tornozelos inchados;Insuficiência Cardíaca
ganhei peso rápido;pernas inchadas;Insuficiência Cardíaca
barriga parece mais inchada;falta de ar;Insuficiência Cardíaca
não consigo dormir deitado;fico sem ar;Insuficiência Cardíaca
cansaço até pra tomar banho;falta de ar;Insuficiência Cardíaca
respiração curta;pernas pesadas;Insuficiência Cardíaca
acordo tossindo;fico sem ar de madrugada;Insuficiência Cardíaca
falta de ar;preciso de vários travesseiros;Insuficiência Cardíaca
fraqueza;pernas inchadas;Insuficiência Cardíaca
febre;dor no peito que piora ao respirar;Miocardite
cansaço forte;dor no peito depois de uma infecção;Miocardite
coração acelerado;febre recente;Miocardite
falta de ar;dor no peito;Miocardite
fraqueza;palpitação depois de gripe;Miocardite
dor no peito;parece uma fisgada ao respirar fundo;Pericardite
dor no peito;melhora quando sento inclinado pra frente;Pericardite
dor forte no peito;deitar piora;Pericardite
febre;dor no peito ao respirar;Pericardite
incômodo no peito;melhora quando fico inclinado;Pericardite
febre persistente;cansaço muito forte;Endocardite
febre que vai e volta;fraqueza;Endocardite
suor noturno;febre sem explicação;Endocardite
cansaço;perda de apetite;Endocardite
febre;corpo mole por vários dias;Endocardite
falta de ar;dor no peito quando faço esforço;Estenose Aórtica
tontura;aparece quando faço exercício;Estenose Aórtica
desmaio;acontece durante esforço;Estenose Aórtica
cansaço;subir escadas ficou difícil;Estenose Aórtica
dor no peito;durante caminhada;Estenose Aórtica
coração muito irregular;falta de ar;Fibrilação Atrial
batimento descompassado;cansaço;Fibrilação Atrial
coração parece bater sem ritmo;fraqueza;Fibrilação Atrial
palpitação;respiração curta;Fibrilação Atrial
pulso maluco;batidas rápidas e irregulares;Fibrilação Atrial
perna inchada de um lado;dor na panturrilha;Trombose Venosa Profunda
panturrilha dolorida;uma perna mais inchada que a outra;Trombose Venosa Profunda
perna quente;vermelha e dolorida;Trombose Venosa Profunda
dor na perna;inchaço que apareceu de repente;Trombose Venosa Profunda
panturrilha pesada;inchaço em uma perna;Trombose Venosa Profunda
perna cansada ao caminhar;dor que melhora quando paro;Doença Arterial Periférica
dor na panturrilha;aparece depois de caminhar;Doença Arterial Periférica
perna dói quando ando;preciso parar para melhorar;Doença Arterial Periférica
pé frio;dor na perna ao caminhar;Doença Arterial Periférica
perna pesada;dor depois de andar bastante;Doença Arterial Periférica
ferida no pé;não cicatriza direito;Doença Arterial Periférica
dedos do pé frios;pele mais pálida;Doença Arterial Periférica
tontura ao levantar;visão fica preta;Hipotensão Ortostática
levanto rápido;fico quase desmaiando;Hipotensão Ortostática
fraqueza ao levantar;perco o equilíbrio;Hipotensão Ortostática
cabeça gira;acontece quando fico de pé;Hipotensão Ortostática
visão embaça;levanto da cama;Hipotensão Ortostática
coração dispara de repente;começo a suar;Taquicardia Paroxística
batimento muito rápido;começa sem aviso;Taquicardia Paroxística
coração acelera;depois volta ao normal sozinho;Taquicardia Paroxística
palpitação forte;episódios curtos;Taquicardia Paroxística
batidas muito rápidas;parecem vir do nada;Taquicardia Paroxística
perna inchada;falta de ar repentina;Embolia Pulmonar
falta de ar de repente;dor no peito ao respirar;Embolia Pulmonar
respiração muito difícil;palpitação súbita;Embolia Pulmonar
dor no peito;começou depois de ficar muito tempo parado;Embolia Pulmonar
falta de ar repentina;suor frio;Embolia Pulmonar
pressão alta;dor de cabeça forte;Crise Hipertensiva
pressão muito alta;visão embaçada;Crise Hipertensiva
dor no peito;pressão arterial muito alta;Crise Hipertensiva
falta de ar;pressão muito elevada;Crise Hipertensiva
dor de cabeça;zumbido e pressão alta;Crise Hipertensiva
coração batendo forte;pressão alta;Hipertensão Arterial
dor de cabeça frequente;pressão alta;Hipertensão Arterial
pressão alta;às vezes não sinto nada;Hipertensão Arterial
rosto quente;pressão muito alta;Hipertensão Arterial
zumbido no ouvido;pressão alta;Hipertensão Arterial
coração acelerado;fraqueza depois de levantar;Hipotensão Ortostática
moleza;visão escura ao ficar em pé;Hipotensão Ortostática
quase desmaio;levantei da cadeira;Hipotensão Ortostática
tontura;acontece depois de levantar rápido;Hipotensão Ortostática
desmaio;ficar muito tempo em pé;Hipotensão Ortostática
dor no peito;respirar fundo piora;Pericardite
fisgada no peito;deitar de costas piora;Pericardite
dor no peito;melhora sentado;Pericardite
febre baixa;dor no peito que muda com a posição;Pericardite
dor perto do coração;respirar fundo aumenta a dor;Pericardite
cansaço exagerado;palpitação depois de uma virose;Miocardite
falta de ar;fraqueza depois de gripe;Miocardite
dor no peito;começou após infecção viral;Miocardite
batimento acelerado;cansaço sem motivo;Miocardite
falta de ar aos esforços;teve febre recentemente;Miocardite
febre alta;calafrios e fraqueza;Endocardite
cansaço prolongado;febre persistente;Endocardite
suor durante a noite;febre recorrente;Endocardite
falta de apetite;febre por vários dias;Endocardite
corpo mole;febre sem causa aparente;Endocardite
desmaio;dor no peito durante esforço;Estenose Aórtica
falta de ar;episódios de desmaio;Estenose Aórtica
cansaço ao caminhar;dor no peito;Estenose Aórtica
tontura;atividade física piora;Estenose Aórtica
falta de ar;subir escada ficou difícil;Estenose Aórtica
batimento irregular;falta de ar aos esforços;Fibrilação Atrial
coração tremendo;fraqueza repentina;Fibrilação Atrial
palpitação irregular;falta de energia;Fibrilação Atrial
pulso irregular;cansaço fácil;Fibrilação Atrial
coração acelerado e descompassado;tontura;Fibrilação Atrial
uma perna inchou;dor ao apertar a panturrilha;Trombose Venosa Profunda
panturrilha dolorida;pele avermelhada;Trombose Venosa Profunda
uma perna ficou mais quente;inchaço repentino;Trombose Venosa Profunda
dor na perna;inchaço depois de ficar muito tempo parado;Trombose Venosa Profunda
panturrilha apertando;uma perna maior que a outra;Trombose Venosa Profunda
dor nas pernas;aparece depois de andar;Doença Arterial Periférica
panturrilha queima;melhora quando descanso;Doença Arterial Periférica
perna dói depois de caminhar;preciso parar um pouco;Doença Arterial Periférica
pé gelado;dor ao andar;Doença Arterial Periférica
ferida no pé;demora muito pra fechar;Doença Arterial Periférica
